id,teks_laporan,tema_aktual
1,"Pada hari Selasa tanggal 15 Maret 2024 telah dilaksanakan pemeriksaan ibu hamil di Posyandu Melati. Sebanyak 12 ibu hamil hadir untuk memeriksakan kehamilan. Pemeriksaan meliputi pengukuran tekanan darah, penimbangan berat badan, pengukuran tinggi fundus uteri, dan pemeriksaan denyut jantung janin. Seluruh ibu hamil diberikan tablet tambah darah (Fe) masing-masing 30 tablet.",Pemeriksaan Kehamilan (ANC)
2,"Kegiatan imunisasi dasar lengkap dilaksanakan di Posyandu Mawar pada tanggal 20 Maret 2024. Total 25 bayi mendapatkan imunisasi dengan rincian: 5 bayi mendapat BCG, 8 bayi mendapat DPT-HB-Hib dosis 1, 7 bayi mendapat Polio tetes, dan 5 bayi mendapat imunisasi Campak. Tidak ditemukan kejadian KIPI pasca imunisasi.",Imunisasi
3,"Kegiatan penimbangan balita bulan Maret 2024 di Posyandu Dahlia diikuti oleh 52 balita dari total 60 balita yang terdaftar (D/S = 86.7%). Hasil penimbangan menunjukkan 45 balita naik berat badannya (N/D = 86.5%), 5 balita tidak naik berat badan, dan 2 balita berada di bawah garis merah (BGM). Seluruh hasil dicatat di KMS masing-masing balita.",Penimbangan & Pemantauan Pertumbuhan
4,"Pemberian Makanan Tambahan (PMT) pemulihan dilaksanakan untuk 8 balita gizi kurang di Posyandu Anggrek. PMT berupa biskuit MP-ASI dan susu formula diberikan selama 90 hari. Selain itu, 3 ibu hamil dengan KEK juga mendapatkan PMT berupa makanan tambahan tinggi protein dan kalori.",Pemberian Makanan Tambahan (PMT)
5,"Kegiatan penyuluhan kesehatan dilaksanakan di Posyandu Cempaka dengan tema ASI Eksklusif dan MPASI. Sebanyak 30 ibu balita mengikuti penyuluhan yang disampaikan oleh bidan desa. Materi meliputi pentingnya ASI eksklusif selama 6 bulan, cara menyusui yang benar, dan panduan pemberian MPASI setelah bayi berusia 6 bulan.",Penyuluhan Kesehatan
6,"Pelayanan KB di Posyandu Kenanga bulan ini melayani 15 akseptor KB. Rincian pelayanan: 8 akseptor suntik KB 3 bulan, 4 akseptor pil KB, 2 akseptor mendapat konseling untuk pemasangan IUD, dan 1 akseptor baru mendaftar menggunakan implant. Total akseptor aktif di wilayah ini mencapai 156 orang.",Pelayanan KB
7,"Kunjungan nifas (KF) dilakukan kepada 6 ibu pasca persalinan di wilayah Posyandu Flamboyan. Pemeriksaan meliputi pengecekan involusi uterus, kondisi jahitan perineum, pemantauan pengeluaran lochea, serta konseling tentang perawatan bayi baru lahir dan teknik menyusui yang benar. Seluruh ibu nifas dalam kondisi baik.",Pemeriksaan Nifas
8,"Kegiatan Stimulasi Deteksi dan Intervensi Dini Tumbuh Kembang (SDIDTK) dilaksanakan di Posyandu Bougenville untuk 20 balita usia 12-36 bulan. Pemeriksaan menggunakan instrumen KPSP menunjukkan 17 anak perkembangan sesuai usia, 2 anak meragukan, dan 1 anak kemungkinan ada penyimpangan pada aspek motorik kasar.",Deteksi Dini Tumbuh Kembang
9,"Pemeriksaan ANC terpadu dilaksanakan bekerja sama dengan Puskesmas Sehat untuk 8 ibu hamil trimester III. Dilakukan pemeriksaan USG oleh dokter, pemeriksaan laboratorium (Hb, golongan darah, protein urin), serta pemberian imunisasi TT pada 3 ibu hamil yang belum lengkap status imunisasinya.",Pemeriksaan Kehamilan (ANC)
10,"Pelaksanaan imunisasi lanjutan (booster) DPT-HB-Hib dan Campak/MR untuk 18 baduta usia 18 bulan di Posyandu Teratai. Sebelum imunisasi dilakukan screening kesehatan terlebih dahulu. Dua anak ditunda imunisasinya karena sedang demam. Orang tua diberikan edukasi tentang KIPI ringan yang mungkin terjadi.",Imunisasi
11,"Hasil pemantauan pertumbuhan balita di Posyandu Seruni bulan April menunjukkan dari 48 balita yang ditimbang, terdapat 3 balita dengan status gizi buruk (BB/U < -3SD), 7 balita gizi kurang (BB/U -3SD s/d -2SD), dan 38 balita gizi baik. Balita gizi buruk dirujuk ke Puskesmas untuk penanganan lebih lanjut.",Penimbangan & Pemantauan Pertumbuhan
12,"Program PMT penyuluhan berupa demo masak makanan bergizi untuk balita dilaksanakan di Posyandu Matahari. Ibu-ibu diajarkan membuat bubur tim ikan dengan sayuran dan puding buah. Bahan makanan disediakan dari dana BOK Puskesmas. Hasil masakan dibagikan kepada 15 balita yang hadir sebagai PMT hari itu.",Pemberian Makanan Tambahan (PMT)
13,"Penyuluhan tentang Perilaku Hidup Bersih dan Sehat (PHBS) dilakukan di Posyandu Lili dengan peserta 25 ibu. Materi mencakup 7 langkah cuci tangan pakai sabun, pentingnya jamban sehat, pengelolaan air minum rumah tangga, dan kebersihan lingkungan. Dilakukan juga praktik langsung cara mencuci tangan yang benar.",Penyuluhan Kesehatan
14,"Konseling KB pasca persalinan diberikan kepada 5 ibu yang baru melahirkan dalam 40 hari terakhir. Bidan menjelaskan berbagai metode KB yang aman untuk ibu menyusui termasuk MAL, mini pil, suntik 3 bulan, dan AKDR pasca plasenta. Tiga ibu memutuskan untuk menggunakan metode suntik 3 bulan.",Pelayanan KB
15,"Kunjungan nifas ketiga (KF3) dilakukan pada 4 ibu di hari ke-29 sampai 42 pasca persalinan. Pemeriksaan menunjukkan involusi uterus berjalan normal, tidak ada tanda infeksi, ASI lancar, dan bayi menyusu dengan baik. Ibu diberikan vitamin A 200.000 IU dan konseling tentang KB pasca nifas.",Pemeriksaan Nifas
16,"Pemeriksaan perkembangan anak menggunakan KPSP dilakukan untuk 15 anak usia 3-72 bulan di Posyandu Wijaya Kusuma. Hasilnya 12 anak sesuai tahap perkembangan, 2 anak perlu stimulasi tambahan pada aspek bahasa, dan 1 anak dirujuk ke rumah sakit untuk evaluasi keterlambatan perkembangan motorik dan bicara.",Deteksi Dini Tumbuh Kembang
17,"Kelas ibu hamil dilaksanakan di Posyandu Sakura dengan peserta 10 ibu hamil trimester II dan III. Materi yang disampaikan meliputi tanda bahaya kehamilan, persiapan persalinan, perencanaan KB pasca persalinan, dan senam hamil. Setiap peserta mendapatkan buku KIA dan diperiksa kehamilannya oleh bidan.",Pemeriksaan Kehamilan (ANC)
18,"Sweeping imunisasi dilakukan untuk menjangkau 12 bayi yang tidak hadir pada jadwal imunisasi rutin bulan lalu. Tim kader mengunjungi rumah-rumah dan berhasil memberikan imunisasi DPT-HB-Hib dosis 2 pada 8 bayi dan Polio 3 pada 4 bayi. Empat bayi tidak berhasil diimunisasi karena keluarga sedang tidak di rumah.",Imunisasi
19,"Operasi timbang dilaksanakan serentak di seluruh Posyandu Kelurahan Sehat Sentosa. Total 320 balita ditimbang dari 350 balita sasaran. Cakupan D/S mencapai 91.4%. Ditemukan 5 balita BGM yang langsung dirujuk ke Puskesmas. Data direkap untuk pelaporan bulanan SKDN ke Dinas Kesehatan.",Penimbangan & Pemantauan Pertumbuhan
20,"PMT lokal berupa telur rebus, pisang, dan kacang hijau dibagikan kepada 40 balita yang hadir di Posyandu Cendrawasih. Bahan PMT berasal dari swadaya masyarakat dan kebun gizi desa. Khusus untuk 5 balita dengan status gizi kurang diberikan tambahan susu dan biskuit selama 2 minggu ke depan.",Pemberian Makanan Tambahan (PMT)
21,"Sosialisasi tentang pencegahan stunting dan pentingnya 1000 Hari Pertama Kehidupan (HPK) disampaikan di Posyandu Harapan. Peserta berjumlah 35 ibu hamil dan ibu balita. Narasumber dari Puskesmas menjelaskan faktor risiko stunting, pola makan bergizi, dan pentingnya sanitasi. Dibagikan juga leaflet edukasi.",Penyuluhan Kesehatan
22,"Pelayanan pemasangan dan pencabutan implant dilaksanakan di Posyandu Melur oleh bidan koordinator KB. Sebanyak 3 akseptor melakukan pemasangan implant baru dan 2 akseptor mencabut implant yang sudah habis masa pakainya. Seluruh akseptor diberikan kartu KB dan dijadwalkan kontrol ulang 1 minggu kemudian.",Pelayanan KB
23,"Pemeriksaan nifas pertama (KF1) dilakukan dalam 6-48 jam pasca persalinan pada 3 ibu yang baru melahirkan. Pemeriksaan meliputi tanda vital, kontraksi uterus, perdarahan, kondisi perineum, mobilisasi dini, dan inisiasi menyusu dini (IMD). Satu ibu mengalami pembengkakan payudara dan diberikan edukasi perawatan payudara.",Pemeriksaan Nifas
24,"Screening perkembangan anak prasekolah usia 48-72 bulan dilaksanakan di Posyandu Jati menggunakan formulir KPSP dan tes daya lihat. Dari 12 anak yang diperiksa, 2 anak menunjukkan keterlambatan dalam aspek bicara dan bahasa, serta 1 anak memerlukan pemeriksaan mata lebih lanjut karena hasil tes daya lihat tidak optimal.",Deteksi Dini Tumbuh Kembang
25,"Pemeriksaan kehamilan risiko tinggi dilakukan pada 5 ibu hamil di Posyandu Cemara. Faktor risiko yang ditemukan: 2 ibu dengan riwayat hipertensi, 1 ibu usia di atas 35 tahun dengan grande multipara, 1 ibu dengan Hb rendah (anemia berat), dan 1 ibu dengan riwayat SC. Seluruhnya dirujuk untuk pemeriksaan di RS.",Pemeriksaan Kehamilan (ANC)
26,"Bulan Imunisasi Anak Nasional (BIAN) dilaksanakan di Posyandu Kartini dengan target 50 anak usia 9-59 bulan. Tercapai 47 anak (94%) yang mendapat imunisasi Campak/MR dan OPV. Kegiatan didukung oleh 10 kader, 2 bidan, dan 1 petugas surveilans. Tiga anak yang tidak hadir akan di-sweeping minggu depan.",Imunisasi
27,"Monitoring pertumbuhan balita stunting dilakukan secara intensif pada 8 balita pendek dan sangat pendek di Posyandu Nusa Indah. Pengukuran panjang/tinggi badan menggunakan infantometer dan microtoise menunjukkan 3 balita mengalami catch-up growth setelah 3 bulan intervensi, sementara 5 balita masih memerlukan pendampingan.",Penimbangan & Pemantauan Pertumbuhan
28,"Pemberian makanan tambahan berbasis pangan lokal untuk ibu hamil KEK dilaksanakan di Posyandu Wijaya. Sebanyak 6 ibu hamil dengan LILA kurang dari 23.5 cm mendapatkan paket PMT berupa telur, susu, kacang-kacangan, dan ikan selama 90 hari. Monitoring berat badan dilakukan setiap 2 minggu.",Pemberian Makanan Tambahan (PMT)
29,"Edukasi tentang manajemen laktasi dan teknik menyusui yang benar diberikan kepada 12 ibu menyusui di Posyandu Pelangi. Materi mencakup posisi dan perlekatan menyusui, cara mengatasi masalah menyusui, penyimpanan ASI perah, dan gizi ibu menyusui. Dilakukan juga praktik langsung dengan pantom payudara.",Penyuluhan Kesehatan
30,"Pelayanan KB metode jangka panjang (MKJP) dilaksanakan di Posyandu Sentosa bekerja sama dengan tim mobile dari Puskesmas. Layanan meliputi pemasangan IUD untuk 4 akseptor dan implant untuk 3 akseptor. Seluruh akseptor telah melalui proses informed consent dan screening kelayakan medis.",Pelayanan KB
